<?xml version="1.0" encoding="UTF-8" standalone="no"?>
<!DOCTYPE properties SYSTEM "http://java.sun.com/dtd/properties.dtd">
<!-- 문서의 유효성을 검사해주는 역할 : 문서에 맞지 않는 양식이 들어오면 알리는 역할 -->
<properties>
	<comment>게시글 관련 SQL문</comment>	
	
	<entry key="selectListCount">
	
		SELECT 
		        COUNT(*) COUNT
		  FROM 
		        BOARD
		 WHERE 
		        STATUS = 'Y'
		   AND
		   		BOARD_TYPE = 1	
	</entry>
	
	
	<entry key="selectList">
		SELECT *
		  FROM 
		        (SELECT 
		        		ROWNUM RNUM, 
		        		A.*
		           FROM
		                (SELECT
		                        BOARD_NO,
		                        CATEGORY_NAME,
		                        BOARD_TITLE,
		                        USER_ID,
		                        COUNT,
		                        CREATE_DATE
		                  FROM
		                        BOARD B
		                  JOIN
		                        CATEGORY USING(CATEGORY_NO)
		                  JOIN
		                        MEMBER ON(BOARD_WRITER = USER_NO)
		                 WHERE
		                        BOARD_TYPE = 1
		                   AND
		                        B.STATUS = 'Y'
		                 ORDER
		                    BY
		                        CREATE_DATE DESC) A)
		 WHERE 
		           RNUM BETWEEN ? AND ?
		
	</entry>
	
	<entry key="selectCategoryList">
		SELECT CATEGORY_NO, CATEGORY_NAME
		  FROM CATEGORY
	</entry>
	
	
</properties>